<Schema name="VolaUB">
  <Dimension type="TimeDimension" visible="true" name="Date">
    <Hierarchy name="Date" visible="true" hasAll="true" primaryKey="id_date">
      <Table name="date_dimension" schema="public" alias="">
      </Table>
      <Level name="Year" visible="true" table="date_dimension" column="year" nameColumn="year" type="Numeric" uniqueMembers="true" levelType="TimeYears" hideMemberIf="Never">
      </Level>
      <Level name="Month" visible="true" table="date_dimension" column="month" nameColumn="month_name" type="Numeric" uniqueMembers="false" levelType="TimeMonths" hideMemberIf="Never">
      </Level>
      <Level name="Day" visible="true" table="date_dimension" column="day" nameColumn="day" type="Numeric" uniqueMembers="false" levelType="TimeDays" hideMemberIf="Never">
        <Property name="Full date" column="date_description">
        </Property>
      </Level>
    </Hierarchy>
  </Dimension>
  <Dimension type="StandardDimension" visible="true" name="Airport Origin">
    <Hierarchy name="Airport Origin" visible="true" hasAll="true">
      <Table name="airport" schema="public" alias="">
      </Table>
      <Level name="Aiport Origin" visible="true" table="airport" column="id_airport" nameColumn="airport_code" uniqueMembers="false">
        <Property name="Location" column="airport_location">
        </Property>
        <Property name="Other details" column="other_airport_details">
        </Property>
      </Level>
    </Hierarchy>
  </Dimension>
  <Dimension type="StandardDimension" visible="true" name="Airport Destination">
    <Hierarchy name="Airport Destination" visible="true" hasAll="true">
      <Table name="airport" schema="public">
      </Table>
      <Level name="Airport Destination" visible="true" table="airport" column="id_airport" nameColumn="airport_code" uniqueMembers="false">
        <Property name="Location" column="airport_location">
        </Property>
        <Property name="Other details" column="other_airport_details">
        </Property>
      </Level>
    </Hierarchy>
  </Dimension>
  <Cube name="Reservation" visible="true" cache="true" enabled="true">
    <Table name="reservation" schema="public">
    </Table>
    <Dimension type="StandardDimension" visible="true" foreignKey="id_agent" highCardinality="false" name="Booking Agent">
      <Hierarchy name="Booking Agent" visible="true" hasAll="true" primaryKey="id_agent">
        <Table name="booking_agent" schema="public">
        </Table>
        <Level name="Booking Agent" visible="true" table="booking_agent" column="id_agent" nameColumn="agent_name" type="String" uniqueMembers="false" levelType="Regular" hideMemberIf="Never">
          <Property name="Details" column="agent_details" type="String">
          </Property>
        </Level>
      </Hierarchy>
    </Dimension>
    <Dimension type="StandardDimension" visible="true" foreignKey="id_reservation_status" highCardinality="false" name="Status">
      <Hierarchy name="Status" visible="true" hasAll="true">
        <Table name="status" schema="public">
        </Table>
        <Level name="Status" visible="true" table="status" column="id_status" nameColumn="status_description" type="String" uniqueMembers="false" levelType="Regular" hideMemberIf="Never">
        </Level>
      </Hierarchy>
    </Dimension>
    <Dimension type="StandardDimension" visible="true" foreignKey="id_travel_class" highCardinality="false" name="Travel Class">
      <Hierarchy name="Travel Class" visible="true" hasAll="true">
        <Table name="travel_class" schema="public">
        </Table>
        <Level name="Travel Class" visible="true" table="travel_class" column="id_travel_class" nameColumn="travel_class_description" type="String" uniqueMembers="false" levelType="Regular" hideMemberIf="Never">
        </Level>
      </Hierarchy>
    </Dimension>
    <DimensionUsage source="Date" usagePrefix="Made" name="Made Date" visible="true" foreignKey="id_date_reserv_made">
    </DimensionUsage>
    <DimensionUsage source="Airport Origin" name="Airport Origin" visible="true" foreignKey="id_origin_airport">
    </DimensionUsage>
    <DimensionUsage source="Airport Destination" name="Airport Destination" visible="true" foreignKey="id_destination_airport">
    </DimensionUsage>
    <Dimension type="StandardDimension" visible="true" foreignKey="id_passenger" name="Passenger">
      <Hierarchy name="Passenger" visible="true" hasAll="true" primaryKey="id_passenger">
        <Table name="passenger" schema="public" alias="">
        </Table>
        <Level name="Geography" visible="true" table="passenger" column="id_geography" nameColumn="country" type="String" uniqueMembers="true" levelType="Regular" hideMemberIf="Never">
        </Level>
        <Level name="Passenger" visible="true" table="passenger" column="id_passenger" nameColumn="passenger_name" type="String" uniqueMembers="true" levelType="Regular" hideMemberIf="Never">
          <Property name="Phone number" column="phone_number">
          </Property>
          <Property name="Email address" column="email_address">
          </Property>
          <Property name="Other details" column="other_passenger_details">
          </Property>
        </Level>
      </Hierarchy>
    </Dimension>
    <Measure name="Total reservations" column="id_reservation" datatype="Integer" aggregator="distinct count" visible="true">
    </Measure>
    <Measure name="Total passengers" column="id_passenger" datatype="Integer" aggregator="distinct count" visible="true">
    </Measure>
    <Measure name="Total payment amount" column="payment_amount" aggregator="sum" visible="true">
    </Measure>
    <Measure name="Passengers in flight" column="number_in_party" datatype="Integer" aggregator="sum" visible="true">
    </Measure>
  </Cube>
  <Cube name="Flight" visible="true" cache="true" enabled="true">
    <Table name="flight" schema="public">
    </Table>
    <DimensionUsage source="Date" usagePrefix="Departure" name="Departure Date" visible="true" foreignKey="id_departure_date_time">
    </DimensionUsage>
    <DimensionUsage source="Airport Origin" name="Airport Origin" visible="true" foreignKey="id_origin_airport">
    </DimensionUsage>
    <DimensionUsage source="Airport Destination" name="Airport Destination" visible="true" foreignKey="id_destination_airport">
    </DimensionUsage>
    <Measure name="Total flights cost" column="flight_cost" aggregator="sum" visible="true">
    </Measure>
  </Cube>
  <VirtualCube enabled="true" name="Flight Reservation">
    <VirtualCubeDimension name="Airport Origin">
    </VirtualCubeDimension>
    <VirtualCubeDimension name="Airport Destination">
    </VirtualCubeDimension>
    <VirtualCubeDimension cubeName="Reservation" name="Passenger">
    </VirtualCubeDimension>
    <VirtualCubeDimension cubeName="Reservation" name="Booking Agent">
    </VirtualCubeDimension>
    <VirtualCubeDimension cubeName="Reservation" name="Status">
    </VirtualCubeDimension>
    <VirtualCubeDimension cubeName="Reservation" name="Travel Class">
    </VirtualCubeDimension>
    <VirtualCubeDimension cubeName="Flight" name="Departure Date">
    </VirtualCubeDimension>
    <VirtualCubeDimension cubeName="Reservation" name="Made Date">
    </VirtualCubeDimension>
    <VirtualCubeMeasure cubeName="Reservation" name="[Measures].[Total payment amount]" visible="true">
    </VirtualCubeMeasure>
    <VirtualCubeMeasure cubeName="Flight" name="[Measures].[Total flights cost]" visible="true">
    </VirtualCubeMeasure>
    <VirtualCubeMeasure cubeName="Reservation" name="[Measures].[Total passengers]" visible="true">
    </VirtualCubeMeasure>
    <VirtualCubeMeasure cubeName="Reservation" name="[Measures].[Total reservations]" visible="true">
    </VirtualCubeMeasure>
    <VirtualCubeMeasure cubeName="Reservation" name="[Measures].[Passengers in flight]" visible="true">
    </VirtualCubeMeasure>
    <CalculatedMember name="Benefit" formatString="" formula="[Measures].[Total payment amount]-[Measures].[Total flights cost]" dimension="Measures" visible="true">
    </CalculatedMember>
  </VirtualCube>
</Schema>
